index,dp_calls_NORMAL,literal_iteration_NORMAL,literal_search_NORMAL,dp_calls_PREPROCESS,literal_iteration_PREPROCESS,literal_search_PREPROCESS,dp_calls_PURE_LITERAL,literal_iteration_PURE_LITERAL,literal_search_PURE_LITERAL,dp_calls_PREPROCESS_+_PURE_LITERAL,literal_iteration_PREPROCESS_+_PURE_LITERAL,literal_search_PREPROCESS_+_PURE_LITERAL
0,4,24423,44530,4,24632,44500,4,26247,46518,4,26696,46734
1,4,12072,22006,4,12183,21976,4,12970,23066,4,13199,23160
2,5,12117,22058,5,12215,22032,5,13029,23139,5,13239,23239
3,5,12591,22494,5,12447,22498,5,13759,23871,5,13727,24003
4,4,12311,22458,4,12408,22428,4,13223,23534,4,13440,23628
5,5,12815,22780,5,12587,22778,5,14065,24247,5,13947,24371
6,6,12950,22816,6,12612,22824,6,14314,24420,6,14084,24552
7,5,12591,22494,5,12447,22498,5,13759,23871,5,13727,24003
8,4,12270,22376,4,12367,22346,4,13182,23452,4,13399,23546
9,5,11952,21728,5,12050,21702,5,12864,22809,5,13074,22909
10,4,12085,22032,4,12196,22002,4,12983,23092,4,13212,23186
11,5,12100,22024,5,12198,21998,5,13012,23105,5,13222,23205
12,4,12176,22188,4,12273,22158,4,13088,23264,4,13305,23360
13,6,12943,22802,6,12607,22814,6,14307,24406,6,14079,24542
14,6,12666,22532,6,12460,22520,6,13890,23978,6,13788,24074
15,4,12309,22454,4,12406,22424,4,13221,23530,4,13438,23624
16,6,12863,22738,6,12570,22738,6,14179,24290,6,13990,24404
17,5,12827,22804,5,12596,22796,5,14077,24271,5,13956,24389
18,5,12136,22096,5,12234,22070,5,13048,23177,5,13258,23277
19,6,12652,22504,6,12446,22492,6,13876,23952,6,13774,24046
20,4,11948,21852,4,12109,21822,4,12796,22844,4,13069,22948
21,6,12686,22572,6,12480,22560,6,13910,24018,6,13808,24114
22,5,12577,22466,5,12433,22470,5,13745,23843,5,13713,23975
23,5,12708,22566,5,12481,22566,5,13958,24033,5,13841,24159
24,5,12844,22838,5,12617,22838,5,14094,24305,5,13977,24431
25,4,12302,22440,4,12399,22410,4,13214,23516,4,13431,23610
26,4,12172,22300,4,12333,22270,4,13020,23292,4,13293,23396
27,4,12068,22092,4,12229,22062,4,12916,23084,4,13189,23188
28,5,12526,22364,5,12382,22368,5,13694,23741,5,13662,23873
29,4,12238,22112,4,12252,22100,4,13242,23288,4,13356,23388
30,5,12747,22644,5,12517,22638,5,13997,24111,5,13877,24231
31,5,12814,22778,5,12586,22776,5,14064,24245,5,13946,24369
32,6,12870,22752,6,12578,22754,6,14186,24304,6,13998,24420
33,4,12251,22338,4,12348,22308,4,13163,23414,4,13380,23508
34,4,12149,22160,4,12260,22130,4,13047,23222,4,13276,23314
35,6,12857,22726,6,12566,22730,6,14173,24278,6,13986,24398
36,4,11927,21810,4,12088,21780,4,12775,22802,4,13048,22906
37,6,12747,22506,6,12455,22508,6,14063,24058,6,13875,24174
38,6,12893,22798,6,12596,22790,6,14209,24350,6,14016,24456
39,4,12227,22290,4,12324,22260,4,13139,23366,4,13356,23460
40,6,12825,22662,6,12534,22666,6,14141,24214,6,13954,24334
41,6,12972,22860,6,12640,22880,6,14336,24464,6,14112,24608
42,6,12912,22836,6,12615,22828,6,14228,24388,6,14035,24494
43,4,12218,22272,4,12315,22242,4,13130,23348,4,13347,23444
44,6,12750,22700,6,12544,22688,6,13974,24148,6,13872,24242
45,4,11840,21626,4,11995,21596,4,12694,22628,4,12963,22732
46,6,12890,22696,6,12552,22704,6,14254,24300,6,14024,24432
47,6,12697,22594,6,12491,22582,6,13921,24042,6,13819,24136
48,4,12307,22450,4,12404,22420,4,13219,23526,4,13436,23620
49,6,12860,22732,6,12569,22736,6,14176,24284,6,13989,24404
50,4,12245,22126,4,12259,22114,4,13249,23302,4,13363,23402
51,6,12827,22666,6,12538,22674,6,14143,24218,6,13958,24342
52,5,12538,22388,5,12394,22392,5,13706,23765,5,13674,23897
53,4,12311,22258,4,12325,22246,4,13315,23434,4,13429,23534
54,4,12410,22656,4,12507,22626,4,13322,23732,4,13539,23826
55,4,12336,22508,4,12433,22478,4,13248,23584,4,13465,23678
56,4,12206,22248,4,12303,22218,4,13118,23324,4,13335,23418
57,5,11984,21792,5,12082,21766,5,12896,22873,5,13106,22973
58,4,12269,22400,4,12380,22370,4,13167,23460,4,13396,23554
59,6,12853,22718,6,12562,22722,6,14169,24270,6,13982,24390
60,4,12232,22326,4,12343,22296,4,13130,23386,4,13359,23480
61,4,11802,21560,4,11963,21530,4,12650,22552,4,12923,22656
62,5,12134,22092,5,12232,22066,5,13046,23173,5,13256,23273
63,4,12068,21998,4,12179,21968,4,12966,23058,4,13195,23152
64,4,11803,21562,4,11964,21532,4,12651,22554,4,12924,22658
65,4,11825,21606,4,11986,21576,4,12673,22598,4,12946,22702
66,4,11865,21686,4,12026,21656,4,12713,22678,4,12986,22782
67,4,12132,22126,4,12243,22096,4,13030,23188,4,13259,23280
68,4,12319,22274,4,12333,22262,4,13323,23450,4,13437,23550
69,5,12828,22806,5,12598,22800,5,14078,24273,5,13958,24393
70,6,12621,22442,6,12415,22430,6,13845,23890,6,13743,23984
71,4,12281,22398,4,12378,22368,4,13193,23474,4,13410,23568
72,6,12870,22752,6,12580,22758,6,14186,24304,6,14000,24426
73,6,12625,22450,6,12419,22438,6,13849,23896,6,13747,23992
74,4,12183,22228,4,12294,22198,4,13081,23290,4,13310,23382
75,4,12182,22226,4,12293,22196,4,13080,23286,4,13309,23380
76,6,12914,22744,6,12578,22756,6,14278,24348,6,14050,24484
77,5,12586,22484,5,12442,22488,5,13754,23861,5,13722,23993
78,4,12236,22428,4,12397,22398,4,13084,23420,4,13357,23524
79,6,12863,22738,6,12571,22740,6,14179,24290,6,13991,24406
80,5,12832,22814,5,12602,22808,5,14082,24281,5,13962,24401
81,4,12319,22274,4,12333,22262,4,13323,23450,4,13437,23550
82,4,12193,22332,4,12348,22302,4,13047,23334,4,13316,23438
83,6,12709,22618,6,12503,22606,6,13933,24066,6,13831,24160
84,4,12160,22276,4,12321,22246,4,13008,23268,4,13281,23372
85,6,12863,22738,6,12572,22742,6,14179,24290,6,13992,24410
86,5,12101,22026,5,12199,22000,5,13013,23107,5,13223,23207
87,4,12046,21954,4,12157,21924,4,12944,23014,4,13173,23108
88,4,12142,22120,4,12239,22090,4,13054,23196,4,13271,23290
89,4,12395,22626,4,12492,22596,4,13307,23702,4,13524,23796
90,5,12839,22828,5,12610,22824,5,14089,24295,5,13970,24417
91,6,12867,22650,6,12527,22654,6,14231,24254,6,13999,24382
92,6,12931,22778,6,12593,22786,6,14295,24382,6,14065,24514
93,5,12139,22102,5,12237,22076,5,13051,23183,5,13261,23283
94,4,12113,22088,4,12224,22058,4,13011,23150,4,13240,23242
95,6,12881,22774,6,12584,22766,6,14197,24326,6,14004,24434
96,6,12866,22744,6,12573,22744,6,14182,24296,6,13993,24410
97,4,12262,22360,4,12359,22330,4,13174,23436,4,13391,23530
98,6,12857,22726,6,12565,22728,6,14173,24278,6,13985,24394
99,6,12919,22754,6,12581,22762,6,14283,24358,6,14053,24490
100,4,12209,22280,4,12320,22250,4,13107,23340,4,13336,23434
101,5,12108,22040,5,12206,22014,5,13020,23121,5,13230,23221
102,4,12163,22188,4,12274,22158,4,13061,23248,4,13290,23342
103,6,12861,22734,6,12570,22738,6,14177,24286,6,13990,24406
104,6,12835,22682,6,12544,22686,6,14151,24234,6,13964,24354
105,6,12821,22558,6,12488,22576,6,14185,24162,6,13960,24304
106,6,12969,22854,6,12632,22864,6,14333,24458,6,14104,24592
107,5,12164,22152,5,12262,22126,5,13076,23233,5,13286,23333
108,4,11843,21642,4,12004,21612,4,12691,22634,4,12964,22738
109,6,12834,22584,6,12498,22596,6,14198,24188,6,13970,24324
110,4,12123,22108,4,12234,22078,4,13021,23168,4,13250,23262
111,6,12860,22636,6,12520,22640,6,14224,24240,6,13992,24368
112,5,12597,22506,5,12453,22510,5,13765,23883,5,13733,24015
113,6,12610,22420,6,12404,22408,6,13834,23868,6,13732,23962
114,6,12855,22722,6,12561,22720,6,14171,24274,6,13981,24388
115,4,11796,21548,4,11957,21518,4,12644,22540,4,12917,22644
116,5,12144,22112,5,12242,22086,5,13056,23193,5,13266,23293
117,6,12866,22744,6,12575,22748,6,14182,24296,6,13995,24416
118,6,12930,22872,6,12633,22864,6,14246,24424,6,14053,24532
119,4,12187,22236,4,12298,22206,4,13085,23298,4,13314,23390
120,5,12808,22766,5,12581,22766,5,14058,24233,5,13941,24359
121,6,12936,22884,6,12639,22876,6,14252,24436,6,14059,24544
122,6,12940,22796,6,12606,22812,6,14304,24400,6,14078,24540
123,6,12898,22712,6,12563,22726,6,14262,24316,6,14035,24454
124,4,12060,22066,4,12215,22036,4,12914,23068,4,13183,23172
125,6,12824,22660,6,12534,22666,6,14140,24212,6,13954,24334
126,5,11973,21770,5,12071,21744,5,12885,22851,5,13095,22951
127,4,12252,22340,4,12349,22310,4,13164,23416,4,13381,23510
128,6,12765,22730,6,12559,22718,6,13989,24176,6,13887,24272
129,6,12826,22664,6,12537,22672,6,14142,24216,6,13957,24338
130,4,12101,22064,4,12212,22034,4,12999,23124,4,13228,23218
131,5,12594,22500,5,12450,22504,5,13762,23877,5,13730,24009
132,4,12104,22164,4,12265,22134,4,12952,23156,4,13225,23260
133,4,12174,22210,4,12285,22180,4,13072,23272,4,13301,23364
134,5,12120,22064,5,12218,22038,5,13032,23145,5,13242,23245
135,4,12132,22220,4,12293,22190,4,12980,23212,4,13253,23316
136,6,12847,22706,6,12558,22714,6,14163,24258,6,13978,24380
137,4,12315,22466,4,12412,22436,4,13227,23542,4,13444,23636
138,6,12885,22782,6,12591,22780,6,14201,24334,6,14011,24446
139,4,12193,22248,4,12304,22218,4,13091,23308,4,13320,23402
140,4,12162,22186,4,12273,22156,4,13060,23246,4,13289,23340
141,4,11884,21724,4,12045,21694,4,12732,22716,4,13005,22820
142,6,12740,22680,6,12534,22668,6,13964,24128,6,13862,24222
143,5,12147,22118,5,12245,22092,5,13059,23199,5,13269,23299
144,6,12637,22474,6,12431,22462,6,13861,23922,6,13759,24016
145,4,12199,22344,4,12354,22314,4,13053,23346,4,13322,23450
146,6,12844,22888,6,12638,22876,6,14068,24334,6,13966,24430
147,4,12293,22422,4,12390,22392,4,13205,23498,4,13422,23592
148,5,12788,22726,5,12560,22724,5,14038,24193,5,13920,24317
149,4,12135,22226,4,12296,22196,4,12983,23218,4,13256,23322
150,4,12038,21938,4,12149,21908,4,12936,22998,4,13165,23092
151,4,12212,22286,4,12323,22256,4,13110,23348,4,13339,23440
152,6,12794,22788,6,12588,22776,6,14018,24234,6,13916,24330
153,4,12178,22218,4,12289,22188,4,13076,23280,4,13305,23372
154,6,12857,22726,6,12560,22718,6,14173,24278,6,13980,24384
155,6,12897,22710,6,12562,22724,6,14261,24314,6,14034,24452
156,5,12001,21826,5,12099,21800,5,12913,22907,5,13123,23007
157,6,12873,22758,6,12576,22750,6,14189,24310,6,13996,24416
158,4,12320,22476,4,12417,22446,4,13232,23552,4,13449,23646
159,4,12187,22236,4,12298,22206,4,13085,23296,4,13314,23390
160,4,12208,22362,4,12363,22332,4,13062,23364,4,13331,23468
161,4,12056,21974,4,12167,21944,4,12954,23034,4,13183,23128
162,6,12836,22588,6,12502,22604,6,14200,24192,6,13974,24332
163,6,12896,22708,6,12562,22724,6,14260,24312,6,14034,24452
164,4,12041,21944,4,12152,21914,4,12939,23004,4,13168,23098
165,4,12204,22354,4,12359,22324,4,13058,23356,4,13327,23460
166,6,12941,22894,6,12644,22886,6,14257,24446,6,14064,24554
167,5,12764,22678,5,12535,22674,5,14014,24145,5,13895,24267
168,4,12286,22408,4,12383,22378,4,13198,23484,4,13415,23578
169,6,12921,22758,6,12585,22770,6,14285,24362,6,14057,24498
170,5,12816,22782,5,12589,22782,5,14066,24249,5,13949,24375
171,6,12636,22472,6,12430,22460,6,13860,23918,6,13758,24014
172,4,12124,22204,4,12285,22174,4,12972,23196,4,13245,23300
173,4,12161,22278,4,12322,22248,4,13009,23270,4,13282,23374
174,6,12885,22686,6,12550,22700,6,14249,24290,6,14022,24428
175,4,12168,22198,4,12279,22168,4,13066,23258,4,13295,23352
176,6,12814,22544,6,12477,22554,6,14178,24148,6,13949,24282
177,6,12840,22596,6,12504,22608,6,14204,24200,6,13976,24336
178,4,12190,22242,4,12301,22212,4,13088,23304,4,13317,23396
179,4,12173,22292,4,12328,22262,4,13027,23294,4,13296,23398
180,6,12887,22690,6,12548,22696,6,14251,24294,6,14020,24424
181,5,12531,22374,5,12387,22378,5,13699,23751,5,13667,23883
182,4,12076,22014,4,12187,21984,4,12974,23074,4,13203,23168
183,6,12759,22718,6,12553,22706,6,13983,24164,6,13881,24260
184,5,12153,22130,5,12251,22104,5,13065,23211,5,13275,23311
185,5,12784,22718,5,12553,22710,5,14034,24185,5,13913,24303
186,4,11805,21566,4,11966,21536,4,12653,22558,4,12926,22662
187,4,12271,22378,4,12368,22348,4,13183,23454,4,13400,23548
188,5,12131,22086,5,12229,22060,5,13043,23167,5,13253,23267
189,5,12129,22082,5,12227,22056,5,13041,23163,5,13251,23263
190,4,12224,22310,4,12335,22280,4,13122,23370,4,13351,23464
191,5,12787,22724,5,12560,22724,5,14037,24191,5,13920,24317
192,4,12269,22374,4,12366,22344,4,13181,23450,4,13398,23544
193,6,12876,22668,6,12541,22682,6,14240,24272,6,14013,24410
194,4,12210,22376,4,12371,22346,4,13058,23368,4,13331,23472
195,5,12791,22732,5,12560,22724,5,14041,24199,5,13920,24317
196,6,12924,22764,6,12587,22774,6,14288,24368,6,14059,24502
197,6,12747,22694,6,12541,22682,6,13971,24142,6,13869,24236
198,6,12910,22736,6,12576,22752,6,14274,24340,6,14048,24480
199,6,12779,22570,6,12490,22578,6,14095,24122,6,13910,24244
200,6,12849,22710,6,12555,22708,6,14165,24262,6,13975,24376
201,6,12899,22810,6,12602,22802,6,14215,24362,6,14022,24468
202,5,11985,21794,5,12083,21768,5,12897,22875,5,13107,22975
203,4,12226,22408,4,12387,22378,4,13074,23400,4,13347,23504
204,4,12193,22222,4,12290,22192,4,13105,23298,4,13322,23392
205,4,12369,22574,4,12466,22544,4,13281,23650,4,13498,23744
206,4,11816,21588,4,11977,21558,4,12664,22580,4,12937,22684
207,5,12842,22834,5,12611,22826,5,14092,24301,5,13971,24419
208,6,12775,22750,6,12569,22738,6,13999,24198,6,13897,24292
209,6,12917,22846,6,12624,22846,6,14233,24398,6,14044,24514
210,4,11880,21706,4,12035,21676,4,12734,22708,4,13003,22812
211,6,12870,22752,6,12577,22752,6,14186,24304,6,13997,24420
212,6,12690,22580,6,12484,22568,6,13914,24028,6,13812,24122
213,5,12797,22744,5,12569,22742,5,14047,24211,5,13929,24335
214,5,12124,22072,5,12222,22046,5,13036,23153,5,13246,23253
215,6,12835,22682,6,12542,22682,6,14151,24234,6,13962,24348
216,4,12246,22354,4,12357,22324,4,13144,23414,4,13373,23508
217,6,12836,22684,6,12542,22682,6,14152,24236,6,13962,24350
218,6,12876,22764,6,12579,22756,6,14192,24316,6,13999,24424
219,4,12200,22262,4,12311,22232,4,13098,23322,4,13327,23416
220,4,12180,22222,4,12291,22192,4,13078,23282,4,13307,23376
221,4,12287,22410,4,12384,22380,4,13199,23486,4,13416,23580
222,5,12593,22498,5,12449,22502,5,13761,23875,5,13729,24007
223,4,12225,22312,4,12336,22282,4,13123,23372,4,13352,23466
224,6,12960,22932,6,12666,22930,6,14276,24484,6,14086,24598
225,4,12214,22374,4,12369,22344,4,13068,23376,4,13337,23480
226,6,12954,22824,6,12618,22836,6,14318,24428,6,14090,24564
227,6,12864,22740,6,12573,22744,6,14180,24292,6,13993,24412
228,4,12101,22064,4,12212,22034,4,12999,23124,4,13228,23218
229,6,12674,22548,6,12468,22536,6,13898,23994,6,13796,24090
230,5,12750,22650,5,12523,22650,5,14000,24117,5,13883,24243
231,6,12867,22650,6,12532,22664,6,14231,24254,6,14004,24392
232,6,12859,22634,6,12524,22648,6,14223,24238,6,13996,24376
233,6,12674,22548,6,12468,22536,6,13898,23994,6,13796,24090
234,4,12320,22476,4,12417,22446,4,13232,23552,4,13449,23646
235,6,12753,22518,6,12464,22526,6,14069,24070,6,13884,24192
236,6,12879,22770,6,12584,22766,6,14195,24322,6,14004,24434
237,6,12795,22790,6,12589,22778,6,14019,24236,6,13917,24332
238,6,12688,22576,6,12482,22564,6,13912,24024,6,13810,24118
239,4,12233,22302,4,12330,22272,4,13145,23378,4,13362,23474
240,6,12895,22706,6,12560,22720,6,14259,24310,6,14032,24448
241,5,12147,22118,5,12245,22092,5,13059,23199,5,13269,23299
242,4,12087,22036,4,12198,22006,4,12985,23098,4,13214,23190
243,6,12946,22808,6,12612,22824,6,14310,24412,6,14084,24552
244,6,12940,22796,6,12605,22810,6,14304,24400,6,14077,24538
245,4,12246,22328,4,12343,22298,4,13158,23404,4,13375,23498
246,5,12734,22618,5,12506,22616,5,13984,24085,5,13866,24209
247,5,12168,22160,5,12266,22134,5,13080,23241,5,13290,23341
248,5,11961,21746,5,12059,21720,5,12873,22827,5,13083,22927
249,4,12294,22424,4,12391,22394,4,13206,23500,4,13423,23594
250,6,12860,22920,6,12654,22908,6,14084,24366,6,13982,24462
251,4,12239,22314,4,12336,22284,4,13151,23390,4,13368,23484
252,6,12860,22732,6,12569,22736,6,14176,24284,6,13989,24404
253,5,12593,22498,5,12449,22502,5,13761,23875,5,13729,24007
254,6,12854,22624,6,12519,22638,6,14218,24228,6,13991,24366
255,4,12265,22366,4,12362,22336,4,13177,23442,4,13394,23536
256,6,12850,22712,6,12556,22710,6,14166,24264,6,13976,24378
257,4,12211,22258,4,12308,22228,4,13123,23334,4,13340,23430
258,5,12125,22074,5,12223,22048,5,13037,23155,5,13247,23255
259,6,12826,22568,6,12493,22586,6,14190,24172,6,13965,24314
260,4,12278,22392,4,12375,22362,4,13190,23468,4,13407,23562
261,5,12837,22824,5,12608,22820,5,14087,24291,5,13968,24413
262,6,12842,22696,6,12551,22700,6,14158,24248,6,13971,24368
263,6,12774,22748,6,12568,22736,6,13998,24196,6,13896,24290
264,6,12813,22638,6,12524,22646,6,14129,24190,6,13944,24312
265,4,12177,22216,4,12288,22186,4,13075,23278,4,13304,23370
266,6,12870,22752,6,12579,22756,6,14186,24304,6,13999,24424
267,6,12939,22794,6,12603,22806,6,14303,24398,6,14075,24534
268,6,12701,22602,6,12495,22590,6,13925,24050,6,13823,24144
269,4,12146,22248,4,12307,22218,4,12994,23240,4,13267,23344
270,6,12937,22886,6,12641,22880,6,14253,24438,6,14061,24548
271,6,12640,22480,6,12434,22468,6,13864,23926,6,13762,24022
272,6,12740,22680,6,12534,22668,6,13964,24126,6,13862,24222
273,6,12958,22832,6,12624,22848,6,14322,24436,6,14096,24576
274,5,12127,22078,5,12225,22052,5,13039,23159,5,13249,23259
275,6,12919,22850,6,12622,22842,6,14235,24402,6,14042,24510
276,6,12958,22832,6,12620,22840,6,14322,24436,6,14092,24568
277,6,12802,22616,6,12513,22624,6,14118,24168,6,13933,24290
278,6,12707,22614,6,12501,22602,6,13931,24062,6,13829,24156
279,4,12141,22144,4,12252,22114,4,13039,23206,4,13268,23298
280,4,11840,21636,4,12001,21606,4,12688,22628,4,12961,22732
281,4,12134,22224,4,12295,22194,4,12982,23216,4,13255,23320
282,6,12707,22614,6,12501,22602,6,13931,24062,6,13829,24156
283,5,12739,22628,5,12511,22626,5,13989,24095,5,13871,24219
284,6,12896,22804,6,12599,22796,6,14212,24356,6,14019,24462
285,4,12202,22266,4,12313,22236,4,13100,23326,4,13329,23420
286,4,12143,22148,4,12254,22118,4,13041,23210,4,13270,23302
287,5,12799,22748,5,12568,22740,5,14049,24215,5,13928,24333
288,4,11811,21578,4,11972,21548,4,12659,22570,4,12932,22674
289,4,12174,22210,4,12285,22180,4,13072,23272,4,13301,23364
290,6,12875,22762,6,12582,22762,6,14191,24314,6,14002,24428
291,4,12268,22372,4,12365,22342,4,13180,23448,4,13397,23542
292,4,12253,22342,4,12350,22312,4,13165,23418,4,13382,23514
293,4,12352,22540,4,12449,22510,4,13264,23616,4,13481,23710
294,4,12262,22360,4,12359,22330,4,13174,23436,4,13391,23530
295,6,12826,22852,6,12620,22840,6,14050,24300,6,13948,24394
296,5,12754,22658,5,12524,22652,5,14004,24125,5,13884,24245
297,4,12166,22194,4,12277,22164,4,13064,23254,4,13293,23348
298,6,12847,22706,6,12555,22708,6,14163,24258,6,13975,24376
299,4,12275,22386,4,12372,22356,4,13187,23462,4,13404,23556
300,4,12059,21980,4,12170,21950,4,12957,23040,4,13186,23134
301,4,12206,22248,4,12303,22218,4,13118,23324,4,13335,23418
302,4,12335,22506,4,12432,22476,4,13247,23582,4,13464,23678
303,6,12610,22420,6,12404,22408,6,13834,23868,6,13732,23962
304,6,12834,22584,6,12497,22594,6,14198,24188,6,13969,24322
305,5,12736,22622,5,12505,22614,5,13986,24089,5,13865,24207
306,5,12178,22180,5,12276,22154,5,13090,23261,5,13300,23361
307,5,12772,22694,5,12543,22690,5,14022,24161,5,13903,24283
308,4,12210,22282,4,12321,22252,4,13108,23342,4,13337,23436
309,6,12617,22434,6,12411,22422,6,13841,23880,6,13739,23976
310,6,12817,22550,6,12483,22566,6,14181,24154,6,13955,24294
311,5,12176,22176,5,12274,22150,5,13088,23257,5,13298,23357
312,5,12107,22038,5,12205,22012,5,13019,23119,5,13229,23219
313,6,12762,22536,6,12468,22534,6,14078,24088,6,13888,24200
314,6,12928,22772,6,12594,22788,6,14292,24376,6,14066,24516
315,6,12782,22576,6,12489,22576,6,14098,24128,6,13909,24242
316,6,12851,22618,6,12516,22632,6,14215,24222,6,13988,24360
317,4,11856,21668,4,12017,21638,4,12704,22660,4,12977,22764
318,5,12775,22700,5,12544,22692,5,14025,24167,5,13904,24285
319,4,12230,22416,4,12391,22386,4,13078,23408,4,13351,23512
320,5,12774,22698,5,12547,22698,5,14024,24165,5,13907,24291
321,6,12937,22886,6,12640,22878,6,14253,24438,6,14060,24546
322,5,12011,21846,5,12109,21820,5,12923,22927,5,13133,23027
323,6,12790,22780,6,12584,22768,6,14014,24228,6,13912,24322
324,4,11787,21530,4,11948,21500,4,12635,22522,4,12908,22626
325,4,11861,21668,4,12016,21638,4,12715,22670,4,12984,22774
326,5,12137,22098,5,12235,22072,5,13049,23179,5,13259,23279
327,4,12307,22450,4,12404,22420,4,13219,23526,4,13436,23620
328,5,12137,22098,5,12235,22072,5,13049,23179,5,13259,23279
329,4,12200,22346,4,12355,22316,4,13054,23348,4,13323,23452
330,5,12592,22496,5,12448,22500,5,13760,23873,5,13728,24005
331,4,12103,22162,4,12264,22132,4,12951,23154,4,13224,23258
332,4,12124,22204,4,12285,22174,4,12972,23196,4,13245,23300
333,4,12235,22106,4,12249,22094,4,13239,23282,4,13353,23382
334,5,12845,22840,5,12615,22834,5,14095,24307,5,13975,24427
335,4,12260,22382,4,12371,22352,4,13158,23442,4,13387,23536
336,5,11967,21758,5,12065,21732,5,12879,22839,5,13089,22939
337,4,12083,22028,4,12194,21998,4,12981,23090,4,13210,23182
338,4,12368,22572,4,12465,22542,4,13280,23648,4,13497,23742
339,6,12852,22716,6,12560,22718,6,14168,24268,6,13980,24386
340,6,12878,22768,6,12583,22764,6,14194,24320,6,14003,24432
341,4,12144,22244,4,12305,22214,4,12992,23236,4,13265,23340
342,6,12619,22438,6,12413,22426,6,13843,23884,6,13741,23980
343,6,12708,22616,6,12502,22604,6,13932,24064,6,13830,24158
344,6,12827,22570,6,12490,22580,6,14191,24174,6,13962,24308
345,6,12700,22600,6,12494,22588,6,13924,24046,6,13822,24142
346,6,12787,22774,6,12581,22762,6,14011,24222,6,13909,24316
347,4,12217,22270,4,12314,22240,4,13129,23346,4,13346,23442
348,6,12851,22714,6,12558,22714,6,14167,24266,6,13978,24382
349,4,11800,21556,4,11961,21526,4,12648,22548,4,12921,22652
350,5,12763,22676,5,12534,22672,5,14013,24143,5,13894,24265
351,4,12183,22228,4,12294,22198,4,13081,23288,4,13310,23382
352,5,12101,22026,5,12199,22000,5,13013,23107,5,13223,23207
353,5,12579,22470,5,12435,22474,5,13747,23847,5,13715,23979
354,6,12799,22798,6,12593,22786,6,14023,24244,6,13921,24340
355,4,12098,22058,4,12209,22028,4,12996,23118,4,13225,23212
356,6,12932,22876,6,12635,22868,6,14248,24428,6,14055,24534
357,6,12902,22720,6,12567,22734,6,14266,24324,6,14039,24462
358,6,12879,22770,6,12583,22764,6,14195,24322,6,14003,24432
359,6,12923,22858,6,12630,22858,6,14239,24410,6,14050,24526
360,4,12312,22260,4,12326,22248,4,13316,23436,4,13430,23536
361,4,12240,22342,4,12351,22312,4,13138,23402,4,13367,23496
362,4,11884,21714,4,12039,21684,4,12738,22716,4,13007,22820
363,5,12814,22778,5,12585,22774,5,14064,24245,5,13945,24367
364,6,12885,22782,6,12588,22774,6,14201,24334,6,14008,24440
365,4,12205,22356,4,12360,22326,4,13059,23358,4,13328,23462
366,4,11951,21858,4,12112,21828,4,12799,22850,4,13072,22954
367,6,12848,22708,6,12555,22708,6,14164,24260,6,13975,24374
368,4,12233,22302,4,12330,22272,4,13145,23378,4,13362,23474
369,4,12237,22430,4,12398,22400,4,13085,23422,4,13358,23526
370,6,12886,22784,6,12591,22780,6,14202,24336,6,14011,24446
371,6,12786,22772,6,12580,22760,6,14010,24218,6,13908,24314
372,4,12394,22624,4,12491,22594,4,13306,23700,4,13523,23794
373,4,12388,22612,4,12485,22582,4,13300,23688,4,13517,23784
374,5,12139,22102,5,12237,22076,5,13051,23183,5,13261,23283
375,4,12190,22242,4,12301,22212,4,13088,23304,4,13317,23396
376,4,12215,22292,4,12326,22262,4,13113,23352,4,13342,23446
377,6,12887,22786,6,12590,22778,6,14203,24338,6,14010,24444
378,6,12883,22778,6,12592,22782,6,14199,24330,6,14012,24450
379,5,12662,22636,5,12518,22640,5,13830,24013,5,13798,24145
380,4,12103,22068,4,12214,22038,4,13001,23130,4,13230,23222
381,4,12334,22504,4,12431,22474,4,13246,23580,4,13463,23674
382,4,12191,22328,4,12346,22298,4,13045,23330,4,13314,23434
383,6,12802,22804,6,12596,22792,6,14026,24250,6,13924,24346
384,4,12226,22088,4,12240,22076,4,13230,23264,4,13344,23364
385,6,12735,22670,6,12529,22658,6,13959,24116,6,13857,24212
386,4,11790,21536,4,11951,21506,4,12638,22528,4,12911,22632
387,4,12130,22216,4,12291,22186,4,12978,23208,4,13251,23312
388,6,12695,22590,6,12489,22578,6,13919,24036,6,13817,24132
389,6,12868,22748,6,12576,22750,6,14184,24300,6,13996,24418
390,4,12306,22248,4,12320,22236,4,13310,23424,4,13424,23524
391,4,12223,22392,4,12378,22362,4,13077,23394,4,13346,23498
392,4,12153,22168,4,12264,22138,4,13051,23230,4,13280,23322
393,4,12167,22196,4,12278,22166,4,13065,23256,4,13294,23350
394,4,11868,21692,4,12029,21662,4,12716,22684,4,12989,22788
395,6,12849,22710,6,12557,22712,6,14165,24262,6,13977,24378
396,6,12799,22798,6,12593,22786,6,14023,24246,6,13921,24340
397,4,12281,22398,4,12378,22368,4,13193,23474,4,13410,23568
398,6,12809,22630,6,12515,22628,6,14125,24182,6,13935,24294
399,4,11886,21728,4,12047,21698,4,12734,22720,4,13007,22824
400,4,12258,22352,4,12355,22322,4,13170,23428,4,13387,23522
401,4,12132,22100,4,12229,22070,4,13044,23176,4,13261,23270
402,5,12577,22466,5,12433,22470,5,13745,23843,5,13713,23975
403,4,12189,22214,4,12286,22184,4,13101,23290,4,13318,23384
404,6,12893,22798,6,12600,22798,6,14209,24350,6,14020,24464
405,6,12820,22556,6,12486,22572,6,14184,24160,6,13958,24300
406,6,12785,22582,6,12496,22590,6,14101,24134,6,13916,24256
407,4,12111,22084,4,12222,22054,4,13009,23144,4,13238,23238
408,6,12624,22448,6,12418,22436,6,13848,23894,6,13746,23990
409,5,12118,22060,5,12216,22034,5,13030,23141,5,13240,23241
410,5,11988,21800,5,12086,21774,5,12900,22881,5,13110,22981
411,6,12764,22540,6,12475,22548,6,14080,24092,6,13895,24214
412,4,12147,22156,4,12258,22126,4,13045,23216,4,13274,23310
413,4,12320,22276,4,12334,22264,4,13324,23452,4,13438,23552
414,6,12869,22750,6,12578,22754,6,14185,24302,6,13998,24422
415,4,12130,22216,4,12291,22186,4,12978,23208,4,13251,23312
416,6,12647,22494,6,12441,22482,6,13871,23942,6,13769,24036
417,4,11943,21842,4,12104,21812,4,12791,22834,4,13064,22938
418,4,11867,21690,4,12028,21660,4,12715,22682,4,12988,22786
419,4,12159,22180,4,12270,22150,4,13057,23240,4,13286,23334
420,6,12818,22648,6,12525,22648,6,14134,24200,6,13945,24316
421,6,12741,22682,6,12535,22670,6,13965,24128,6,13863,24224
422,6,12859,22730,6,12565,22728,6,14175,24282,6,13985,24396
423,6,12866,22744,6,12575,22748,6,14182,24296,6,13995,24416
424,6,12835,22682,6,12541,22680,6,14151,24234,6,13961,24346
425,5,12145,22114,5,12243,22088,5,13057,23195,5,13267,23295
426,6,12842,22600,6,12508,22616,6,14206,24204,6,13980,24344
427,6,12857,22726,6,12564,22726,6,14173,24278,6,13984,24394
428,6,12943,22802,6,12609,22818,6,14307,24406,6,14081,24546
429,5,12743,22636,5,12512,22628,5,13993,24103,5,13872,24221
430,6,12853,22718,6,12560,22718,6,14169,24270,6,13980,24384
431,5,12824,22798,5,12593,22790,5,14074,24265,5,13953,24383
432,4,12161,22158,4,12258,22128,4,13073,23234,4,13290,23328
433,5,12174,22172,5,12272,22146,5,13086,23253,5,13296,23353
434,4,12196,22338,4,12351,22308,4,13050,23340,4,13319,23444
435,4,12234,22424,4,12395,22394,4,13082,23416,4,13355,23520
436,5,12137,22098,5,12235,22072,5,13049,23179,5,13259,23279
437,6,12642,22484,6,12436,22472,6,13866,23932,6,13764,24026
438,6,12933,22782,6,12595,22790,6,14297,24386,6,14067,24518
439,6,12797,22794,6,12591,22782,6,14021,24242,6,13919,24336
440,5,12702,22716,5,12558,22720,5,13870,24093,5,13838,24225
441,4,12204,22270,4,12315,22240,4,13102,23330,4,13331,23424
442,6,12896,22804,6,12599,22796,6,14212,24356,6,14019,24462
443,4,12212,22286,4,12323,22256,4,13110,23346,4,13339,23440
444,4,12295,22426,4,12392,22396,4,13207,23502,4,13424,23596
445,4,11811,21578,4,11972,21548,4,12659,22570,4,12932,22674
446,6,12922,22856,6,12630,22858,6,14238,24408,6,14050,24526
447,5,12798,22746,5,12568,22740,5,14048,24213,5,13928,24333
448,5,12759,22668,5,12532,22668,5,14009,24135,5,13892,24261
449,4,12019,21984,4,12174,21954,4,12873,22986,4,13142,23090
450,6,12667,22534,6,12461,22522,6,13891,23982,6,13789,24076
451,5,12689,22690,5,12545,22694,5,13857,24067,5,13825,24199
452,6,12886,22784,6,12594,22786,6,14202,24336,6,14014,24452
453,4,12351,22538,4,12448,22508,4,13263,23614,4,13480,23708
454,4,12179,22220,4,12290,22190,4,13077,23280,4,13306,23374
455,5,12542,22396,5,12398,22400,5,13710,23773,5,13678,23905
456,4,12199,22260,4,12310,22230,4,13097,23322,4,13326,23414
457,4,12076,22108,4,12237,22078,4,12924,23100,4,13197,23204
458,6,12767,22546,6,12475,22548,6,14083,24098,6,13895,24214
459,4,12162,22280,4,12323,22250,4,13010,23272,4,13283,23376
460,6,12637,22474,6,12431,22462,6,13861,23920,6,13759,24016
461,5,12729,22608,5,12500,22604,5,13979,24075,5,13860,24197
462,5,12811,22772,5,12584,22772,5,14061,24239,5,13944,24365
463,6,12943,22898,6,12646,22890,6,14259,24450,6,14066,24558
464,4,12320,22276,4,12334,22264,4,13324,23452,4,13438,23552
465,4,12006,21958,4,12161,21928,4,12860,22960,4,13129,23064
466,4,12132,22220,4,12293,22190,4,12980,23212,4,13253,23316
467,5,11991,21806,5,12089,21780,5,12903,22887,5,13113,22987
468,5,12669,22650,5,12525,22654,5,13837,24027,5,13805,24159
469,6,12898,22808,6,12601,22800,6,14214,24360,6,14021,24466
470,4,12074,22104,4,12235,22074,4,12922,23096,4,13195,23200
471,4,12019,21984,4,12174,21954,4,12873,22986,4,13142,23090
472,4,12269,22374,4,12366,22344,4,13181,23450,4,13398,23544
473,4,11839,21634,4,12000,21604,4,12687,22626,4,12960,22730
474,5,12601,22514,5,12457,22518,5,13769,23891,5,13737,24023
475,6,12868,22748,6,12577,22752,6,14184,24300,6,13997,24420
476,4,11896,21748,4,12057,21718,4,12744,22740,4,13017,22844
477,6,12801,22614,6,12512,22622,6,14117,24166,6,13932,24288
478,4,11944,21844,4,12105,21814,4,12792,22836,4,13065,22940
479,5,12591,22494,5,12447,22498,5,13759,23871,5,13727,24003
480,4,12318,22272,4,12332,22260,4,13322,23448,4,13436,23548
481,4,12222,22390,4,12377,22360,4,13076,23392,4,13345,23496
482,4,12185,22232,4,12296,22202,4,13083,23292,4,13312,23386
483,4,12296,22428,4,12393,22398,4,13208,23504,4,13425,23598
484,6,12858,22728,6,12567,22732,6,14174,24280,6,13987,24400
485,5,12548,22408,5,12404,22412,5,13716,23785,5,13684,23917
486,6,12926,22768,6,12589,22778,6,14290,24372,6,14061,24506
487,4,12353,22542,4,12450,22512,4,13265,23618,4,13482,23714
488,4,12383,22602,4,12480,22572,4,13295,23678,4,13512,23772
489,4,11876,21708,4,12037,21678,4,12724,22700,4,12997,22804
490,5,12811,22772,5,12581,22766,5,14061,24239,5,13941,24359
491,4,12223,22392,4,12378,22362,4,13077,23394,4,13346,23498
492,6,12878,22768,6,12582,22762,6,14194,24320,6,14002,24430
493,5,12807,22764,5,12579,22762,5,14057,24231,5,13939,24355
494,6,12898,22712,6,12560,22720,6,14262,24316,6,14032,24448
495,6,12931,22778,6,12594,22788,6,14295,24382,6,14066,24516
496,6,12641,22482,6,12435,22470,6,13865,23928,6,13763,24024
497,6,12862,22736,6,12567,22732,6,14178,24288,6,13987,24400
498,4,11765,21486,4,11926,21456,4,12613,22478,4,12886,22582
499,5,12655,22622,5,12511,22626,5,13823,23999,5,13791,24131
500,6,12802,22804,6,12596,22792,6,14026,24252,6,13924,24346
501,4,12240,22436,4,12401,22406,4,13088,23428,4,13361,23532
502,6,12891,22794,6,12600,22798,6,14207,24346,6,14020,24466
503,6,12961,22934,6,12669,22936,6,14277,24486,6,14089,24604
504,6,12887,22786,6,12590,22778,6,14203,24338,6,14010,24444
505,4,12067,22090,4,12228,22060,4,12915,23082,4,13188,23186
506,6,12775,22750,6,12569,22738,6,13999,24196,6,13897,24292
507,4,12131,22098,4,12228,22068,4,13043,23174,4,13260,23268
508,5,12823,22796,5,12593,22790,5,14073,24263,5,13953,24383
509,5,12741,22632,5,12513,22630,5,13991,24099,5,13873,24223
510,6,12847,22894,6,12641,22882,6,14071,24340,6,13969,24436
511,5,12144,22112,5,12242,22086,5,13056,23193,5,13266,23293
512,4,11765,21486,4,11926,21456,4,12613,22478,4,12886,22582
513,6,12776,22564,6,12487,22572,6,14092,24116,6,13907,24238
514,5,12730,22610,5,12500,22604,5,13980,24077,5,13860,24197
515,6,12809,22630,6,12515,22628,6,14125,24182,6,13935,24294
516,6,12928,22868,6,12634,22866,6,14244,24420,6,14054,24534
517,4,12230,22322,4,12341,22292,4,13128,23382,4,13357,23476
518,5,12711,22572,5,12483,22570,5,13961,24039,5,13843,24163
519,6,12883,22778,6,12586,22770,6,14199,24330,6,14006,24436
520,6,12787,22774,6,12581,22762,6,14011,24220,6,13909,24316
521,4,12184,22324,4,12345,22294,4,13032,23316,4,13305,23420
522,4,12339,22514,4,12436,22484,4,13251,23590,4,13468,23686
523,4,12073,22008,4,12184,21978,4,12971,23068,4,13200,23162
524,5,12752,22654,5,12523,22650,5,14002,24121,5,13883,24243
525,5,12538,22388,5,12394,22392,5,13706,23765,5,13674,23897
526,6,12833,22582,6,12499,22598,6,14197,24186,6,13971,24326
527,5,12716,22582,5,12487,22578,5,13966,24049,5,13847,24171
528,6,12605,22410,6,12399,22398,6,13829,23856,6,13727,23952
529,4,12307,22450,4,12404,22420,4,13219,23526,4,13436,23620
530,4,12182,22226,4,12293,22196,4,13080,23288,4,13309,23380
531,5,12138,22100,5,12236,22074,5,13050,23181,5,13260,23281
532,6,12886,22784,6,12589,22776,6,14202,24336,6,14009,24444
533,4,12261,22358,4,12358,22328,4,13173,23434,4,13390,23528
534,6,12941,22894,6,12648,22894,6,14257,24446,6,14068,24562
535,4,12227,22090,4,12241,22078,4,13231,23266,4,13345,23366
536,4,12193,22248,4,12304,22218,4,13091,23308,4,13320,23402
537,4,12193,22248,4,12304,22218,4,13091,23310,4,13320,23402
538,5,12825,22800,5,12595,22794,5,14075,24267,5,13955,24387
539,5,12817,22784,5,12587,22778,5,14067,24251,5,13947,24371
540,4,12182,22200,4,12279,22170,4,13094,23276,4,13311,23370
541,4,12175,22296,4,12330,22266,4,13029,23298,4,13298,23402
542,5,12153,22130,5,12251,22104,5,13065,23211,5,13275,23311
543,6,12939,22794,6,12605,22810,6,14303,24398,6,14077,24538
544,4,12061,21984,4,12172,21954,4,12959,23044,4,13188,23138
545,6,12962,22840,6,12629,22858,6,14326,24444,6,14101,24586
546,4,12227,22290,4,12324,22260,4,13139,23366,4,13356,23460
547,5,12744,22638,5,12514,22632,5,13994,24105,5,13874,24225
548,4,12109,22080,4,12220,22050,4,13007,23142,4,13236,23234
549,4,12068,21998,4,12179,21968,4,12966,23058,4,13195,23152
550,4,12248,22358,4,12359,22328,4,13146,23418,4,13375,23512
551,6,12957,22830,6,12618,22836,6,14321,24434,6,14090,24564
552,4,12077,22016,4,12188,21986,4,12975,23076,4,13204,23170
553,4,12340,22516,4,12437,22486,4,13252,23592,4,13469,23686
554,5,11974,21772,5,12072,21746,5,12886,22853,5,13096,22953
555,6,12709,22618,6,12503,22606,6,13933,24066,6,13831,24160
556,6,12812,22636,6,12523,22644,6,14128,24188,6,13943,24310
557,6,12757,22714,6,12551,22702,6,13981,24160,6,13879,24256
558,5,12533,22378,5,12389,22382,5,13701,23755,5,13669,23887
559,4,12077,22110,4,12238,22080,4,12925,23102,4,13198,23206
560,6,12779,22570,6,12488,22574,6,14095,24122,6,13908,24240
561,5,12118,22060,5,12216,22034,5,13030,23141,5,13240,23241
562,5,11976,21776,5,12074,21750,5,12888,22857,5,13098,22957
563,6,12769,22550,6,12476,22550,6,14085,24102,6,13896,24216
564,5,12149,22122,5,12247,22096,5,13061,23203,5,13271,23303
565,6,12858,22728,6,12569,22736,6,14174,24280,6,13989,24404
566,6,12804,22620,6,12515,22628,6,14120,24172,6,13935,24294
567,4,12028,22002,4,12183,21972,4,12882,23004,4,13151,23108
568,5,12599,22510,5,12455,22514,5,13767,23887,5,13735,24019
569,5,12155,22134,5,12253,22108,5,13067,23215,5,13277,23315
570,4,12208,22252,4,12305,22222,4,13120,23328,4,13337,23422
571,4,12017,21980,4,12172,21950,4,12871,22982,4,13140,23086
572,4,12140,22142,4,12251,22112,4,13038,23204,4,13267,23296
573,6,12706,22612,6,12500,22600,6,13930,24060,6,13828,24154
574,4,12181,22198,4,12278,22168,4,13093,23274,4,13310,23368
575,6,12903,22722,6,12569,22738,6,14267,24326,6,14041,24466
576,6,12823,22562,6,12486,22572,6,14187,24166,6,13958,24300
577,5,12545,22402,5,12401,22406,5,13713,23779,5,13681,23911
578,6,12865,22646,6,12528,22656,6,14229,24250,6,14000,24384
579,6,12949,22910,6,12656,22910,6,14265,24462,6,14076,24578
580,5,12022,21868,5,12120,21842,5,12934,22949,5,13144,23049
581,6,12763,22726,6,12557,22714,6,13987,24174,6,13885,24268
582,4,11940,21836,4,12101,21806,4,12788,22828,4,13061,22932
583,4,12168,22198,4,12279,22168,4,13066,23260,4,13295,23352
584,4,12227,22410,4,12388,22380,4,13075,23402,4,13348,23506
585,4,12188,22322,4,12343,22292,4,13042,23324,4,13311,23428
586,6,12743,22686,6,12537,22674,6,13967,24134,6,13865,24228
587,4,12220,22302,4,12331,22272,4,13118,23362,4,13347,23456
588,5,11992,21808,5,12090,21782,5,12904,22889,5,13114,22989
589,6,12917,22750,6,12580,22760,6,14281,24354,6,14052,24488
590,4,12189,22240,4,12300,22210,4,13087,23300,4,13316,23394
591,6,12812,22824,6,12606,22812,6,14036,24270,6,13934,24366
592,5,12685,22682,5,12541,22686,5,13853,24059,5,13821,24191
593,5,12134,22092,5,12232,22066,5,13046,23173,5,13256,23273
594,6,12824,22564,6,12491,22582,6,14188,24168,6,13963,24310
595,5,12826,22802,5,12596,22796,5,14076,24269,5,13956,24389
596,6,12869,22750,6,12580,22758,6,14185,24302,6,14000,24424
597,4,11976,21908,4,12137,21878,4,12824,22900,4,13097,23004
598,4,11833,21622,4,11994,21592,4,12681,22614,4,12954,22718
599,6,12769,22550,6,12476,22550,6,14085,24102,6,13896,24216
600,5,12111,22046,5,12209,22020,5,13023,23127,5,13233,23227
601,5,12572,22456,5,12428,22460,5,13740,23833,5,13708,23965
602,6,12936,22788,6,12599,22798,6,14300,24392,6,14071,24526
603,6,12953,22918,6,12656,22910,6,14269,24470,6,14076,24578
604,4,12275,22386,4,12372,22356,4,13187,23462,4,13404,23556
605,5,12124,22072,5,12222,22046,5,13036,23153,5,13246,23253
606,4,12066,22088,4,12227,22058,4,12914,23080,4,13187,23184
607,6,12845,22702,6,12555,22708,6,14161,24254,6,13975,24376
608,4,12223,22282,4,12320,22252,4,13135,23358,4,13352,23454
609,4,11863,21672,4,12018,21642,4,12717,22674,4,12986,22778
610,6,12794,22788,6,12588,22776,6,14018,24234,6,13916,24330
611,4,12196,22228,4,12293,22198,4,13108,23304,4,13325,23398
612,6,12836,22684,6,12547,22692,6,14152,24236,6,13967,24358
613,6,12848,22708,6,12554,22706,6,14164,24260,6,13974,24372
614,4,12195,22252,4,12306,22222,4,13093,23312,4,13322,23406
615,4,12229,22094,4,12243,22082,4,13233,23270,4,13347,23370
616,6,12948,22812,6,12614,22828,6,14312,24416,6,14086,24556
617,6,12839,22690,6,12548,22694,6,14155,24242,6,13968,24362
618,4,11851,21648,4,12006,21618,4,12705,22650,4,12974,22754
619,4,12234,22304,4,12331,22274,4,13146,23380,4,13363,23474
620,4,12138,22138,4,12249,22108,4,13036,23198,4,13265,23292
621,6,12914,22744,6,12579,22758,6,14278,24348,6,14051,24486
622,4,11878,21702,4,12033,21672,4,12732,22704,4,13001,22808
623,5,12156,22136,5,12254,22110,5,13068,23217,5,13278,23317
624,4,12108,22078,4,12219,22048,4,13006,23138,4,13235,23232
625,6,12869,22654,6,12532,22664,6,14233,24258,6,14004,24392
626,4,11949,21854,4,12110,21824,4,12797,22846,4,13070,22950
627,4,12188,22212,4,12285,22182,4,13100,23288,4,13317,23384
628,4,12062,22080,4,12223,22050,4,12910,23072,4,13183,23176
629,6,12861,22638,6,12523,22646,6,14225,24242,6,13995,24374
630,5,12152,22128,5,12250,22102,5,13064,23209,5,13274,23309
631,6,12768,22736,6,12562,22724,6,13992,24184,6,13890,24278
632,4,11869,21694,4,12030,21664,4,12717,22686,4,12990,22790
633,6,12918,22848,6,12621,22840,6,14234,24400,6,14041,24506
634,6,12830,22860,6,12624,22848,6,14054,24306,6,13952,24402
635,4,12204,22354,4,12359,22324,4,13058,23356,4,13327,23460
636,4,12217,22296,4,12328,22266,4,13115,23356,4,13344,23450
637,4,11847,21640,4,12002,21610,4,12701,22642,4,12970,22746
638,6,12803,22618,6,12511,22620,6,14119,24170,6,13931,24288
639,4,12176,22188,4,12273,22158,4,13088,23264,4,13305,23358
640,4,12275,22386,4,12372,22356,4,13187,23462,4,13404,23556
641,5,12780,22710,5,12551,22706,5,14030,24177,5,13911,24299
642,4,12017,21980,4,12172,21950,4,12871,22982,4,13140,23086
643,4,12218,22298,4,12329,22268,4,13116,23358,4,13345,23452
644,5,12134,22092,5,12232,22066,5,13046,23173,5,13256,23273
645,5,12014,21852,5,12112,21826,5,12926,22933,5,13136,23033
646,4,12238,22312,4,12335,22282,4,13150,23388,4,13367,23484
647,6,12909,22830,6,12614,22826,6,14225,24382,6,14034,24492
648,4,12197,22256,4,12308,22226,4,13095,23316,4,13324,23410
649,4,12088,22038,4,12199,22008,4,12986,23098,4,13215,23192
650,6,12908,22828,6,12611,22820,6,14224,24380,6,14031,24486
651,6,12818,22836,6,12612,22824,6,14042,24284,6,13940,24378
652,4,12402,22640,4,12499,22610,4,13314,23716,4,13531,23812
653,6,12955,22826,6,12621,22842,6,14319,24430,6,14093,24570
654,4,11958,21872,4,12119,21842,4,12806,22864,4,13079,22968
655,4,12192,22246,4,12303,22216,4,13090,23306,4,13319,23400
656,6,12933,22782,6,12599,22798,6,14297,24386,6,14071,24526
657,6,12846,22704,6,12557,22712,6,14162,24256,6,13977,24378
658,5,12143,22110,5,12241,22084,5,13055,23191,5,13265,23291
659,4,12080,22116,4,12241,22086,4,12928,23108,4,13201,23212
660,4,12234,22330,4,12345,22300,4,13132,23390,4,13361,23484
661,4,12176,22188,4,12273,22158,4,13088,23264,4,13305,23358
662,6,12757,22714,6,12551,22702,6,13981,24162,6,13879,24256
663,4,12034,22014,4,12189,21984,4,12888,23016,4,13157,23120
664,6,12860,22732,6,12568,22734,6,14176,24284,6,13988,24402
665,4,12240,22116,4,12254,22104,4,13244,23292,4,13358,23392
666,6,12664,22528,6,12458,22516,6,13888,23974,6,13786,24070
667,6,12706,22612,6,12500,22600,6,13930,24060,6,13828,24154
668,6,12864,22740,6,12569,22736,6,14180,24292,6,13989,24402
669,4,12211,22284,4,12322,22254,4,13109,23344,4,13338,23438
670,5,12786,22722,5,12558,22720,5,14036,24189,5,13918,24313
671,4,11859,21674,4,12020,21644,4,12707,22666,4,12980,22770
672,5,12588,22488,5,12444,22492,5,13756,23865,5,13724,23997
673,4,11842,21630,4,11997,21600,4,12696,22632,4,12965,22736
674,5,12592,22496,5,12448,22500,5,13760,23873,5,13728,24005
675,4,12153,22262,4,12314,22232,4,13001,23254,4,13274,23358
676,4,12332,22500,4,12429,22470,4,13244,23576,4,13461,23670
677,6,12906,22728,6,12570,22740,6,14270,24332,6,14042,24468
678,6,12937,22790,6,12598,22796,6,14301,24394,6,14070,24524
679,4,12367,22570,4,12464,22540,4,13279,23646,4,13496,23742
680,4,12196,22338,4,12351,22308,4,13050,23340,4,13319,23444
681,6,12839,22594,6,12505,22610,6,14203,24198,6,13977,24338
682,6,12899,22714,6,12560,22720,6,14263,24318,6,14032,24448
683,5,12709,22568,5,12481,22566,5,13959,24035,5,13841,24159
684,5,12003,21830,5,12101,21804,5,12915,22911,5,13125,23011
685,5,11978,21780,5,12076,21754,5,12890,22861,5,13100,22961
686,6,12775,22562,6,12484,22566,6,14091,24114,6,13904,24232
687,4,12211,22378,4,12372,22348,4,13059,23370,4,13332,23474
688,6,12696,22592,6,12490,22580,6,13920,24040,6,13818,24134
689,4,12258,22378,4,12369,22348,4,13156,23438,4,13385,23532
690,6,12789,22778,6,12583,22766,6,14013,24226,6,13911,24320
691,6,12768,22548,6,12475,22548,6,14084,24100,6,13895,24214
692,4,11866,21688,4,12027,21658,4,12714,22680,4,12987,22784
693,4,12387,22610,4,12484,22580,4,13299,23686,4,13516,23780
694,4,12220,22302,4,12331,22272,4,13118,23364,4,13347,23456
695,4,12194,22334,4,12349,22304,4,13048,23336,4,13317,23440
696,4,11855,21656,4,12010,21626,4,12709,22658,4,12978,22762
697,6,12909,22830,6,12614,22826,6,14225,24382,6,14034,24492
698,4,12297,22430,4,12394,22400,4,13209,23506,4,13426,23600
699,5,12580,22472,5,12436,22476,5,13748,23849,5,13716,23981
700,4,11940,21836,4,12101,21806,4,12788,22828,4,13061,22932
701,4,12282,22400,4,12379,22370,4,13194,23476,4,13411,23570
702,6,12926,22864,6,12629,22856,6,14242,24416,6,14049,24524
703,4,12307,22250,4,12321,22238,4,13311,23426,4,13425,23526
704,6,12896,22708,6,12560,22720,6,14260,24312,6,14032,24448
705,5,12745,22640,5,12515,22634,5,13995,24107,5,13875,24227
706,6,12915,22746,6,12579,22758,6,14279,24350,6,14051,24486
707,6,12960,22836,6,12627,22854,6,14324,24440,6,14099,24582
708,6,12759,22530,6,12470,22538,6,14075,24082,6,13890,24204
709,6,12733,22666,6,12527,22654,6,13957,24112,6,13855,24208
710,5,12846,22842,5,12615,22834,5,14096,24309,5,13975,24427
711,6,12806,22812,6,12600,22800,6,14030,24258,6,13928,24354
712,5,12114,22052,5,12212,22026,5,13026,23133,5,13236,23233
713,4,12052,22050,4,12207,22020,4,12906,23052,4,13175,23156
714,6,12775,22750,6,12569,22738,6,13999,24198,6,13897,24292
715,5,12813,22776,5,12584,22772,5,14063,24243,5,13944,24365
716,4,11993,21932,4,12148,21902,4,12847,22934,4,13116,23038
717,4,12246,22328,4,12343,22298,4,13158,23404,4,13375,23500
718,6,12804,22808,6,12598,22796,6,14028,24256,6,13926,24350
719,6,12676,22552,6,12470,22540,6,13900,24000,6,13798,24094
720,6,12620,22440,6,12414,22428,6,13844,23886,6,13742,23982
721,5,12814,22778,5,12583,22770,5,14064,24245,5,13943,24363
722,4,12301,22438,4,12398,22408,4,13213,23514,4,13430,23608
723,6,12872,22756,6,12575,22748,6,14188,24308,6,13995,24414
724,5,12826,22802,5,12596,22796,5,14076,24269,5,13956,24389
725,5,12787,22724,5,12560,22724,5,14037,24191,5,13920,24317
726,6,12913,22838,6,12618,22834,6,14229,24390,6,14038,24500
727,4,11763,21482,4,11924,21452,4,12611,22474,4,12884,22578
728,4,12324,22484,4,12421,22454,4,13236,23560,4,13453,23656
729,6,12844,22700,6,12553,22704,6,14160,24252,6,13973,24372
730,5,12793,22736,5,12566,22736,5,14043,24203,5,13926,24329
731,6,12656,22512,6,12450,22500,6,13880,23960,6,13778,24054
732,6,12888,22788,6,12596,22790,6,14204,24340,6,14016,24456
733,4,12113,22182,4,12274,22152,4,12961,23174,4,13234,23278
734,6,12831,22674,6,12538,22674,6,14147,24226,6,13958,24340
735,4,12017,21980,4,12172,21950,4,12871,22982,4,13140,23086
736,6,12873,22758,6,12576,22750,6,14189,24310,6,13996,24416
737,5,12591,22494,5,12447,22498,5,13759,23871,5,13727,24003
738,5,12847,22844,5,12619,22842,5,14097,24311,5,13979,24435
739,4,12161,22278,4,12322,22248,4,13009,23270,4,13282,23374
740,4,12322,22480,4,12419,22450,4,13234,23556,4,13451,23650
741,4,12201,22264,4,12312,22234,4,13099,23326,4,13328,23418
742,5,12109,22042,5,12207,22016,5,13021,23123,5,13231,23223
743,4,11890,21736,4,12051,21706,4,12738,22728,4,13011,22832
744,4,12165,22286,4,12326,22256,4,13013,23278,4,13286,23382
745,6,12957,22830,6,12618,22836,6,14321,24434,6,14090,24564
746,6,12925,22862,6,12629,22856,6,14241,24414,6,14049,24524
747,5,12647,22606,5,12503,22610,5,13815,23983,5,13783,24115
748,5,12111,22046,5,12209,22020,5,13023,23127,5,13233,23227
749,4,12229,22294,4,12326,22264,4,13141,23370,4,13358,23464
750,4,12273,22382,4,12370,22352,4,13185,23458,4,13402,23552
751,6,12826,22664,6,12535,22668,6,14142,24216,6,13955,24336
752,6,12900,22716,6,12563,22726,6,14264,24320,6,14035,24454
753,4,12236,22334,4,12347,22304,4,13134,23394,4,13363,23488
754,4,11867,21690,4,12028,21660,4,12715,22682,4,12988,22786
755,6,12619,22438,6,12413,22426,6,13843,23886,6,13741,23980
756,4,12064,22074,4,12219,22044,4,12918,23076,4,13187,23180
757,4,12349,22534,4,12446,22504,4,13261,23610,4,13478,23704
758,4,12226,22314,4,12337,22284,4,13124,23374,4,13353,23468
759,6,12862,22736,6,12566,22730,6,14178,24288,6,13986,24398
760,6,12905,22822,6,12608,22814,6,14221,24374,6,14028,24480
761,4,12414,22664,4,12511,22634,4,13326,23740,4,13543,23834
762,4,12210,22282,4,12321,22252,4,13108,23342,4,13337,23436
763,6,12821,22558,6,12487,22574,6,14185,24162,6,13959,24302
764,5,12767,22684,5,12536,22676,5,14017,24151,5,13896,24269
765,4,12265,22366,4,12362,22336,4,13177,23442,4,13394,23536
766,4,11828,21612,4,11989,21582,4,12676,22604,4,12949,22708
767,4,12161,22184,4,12272,22154,4,13059,23244,4,13288,23338
768,6,12805,22622,6,12516,22630,6,14121,24174,6,13936,24296
769,4,12203,22242,4,12300,22212,4,13115,23318,4,13332,23412
770,4,11760,21476,4,11921,21446,4,12608,22468,4,12881,22572
771,6,12701,22602,6,12495,22590,6,13925,24050,6,13823,24144
772,6,12873,22758,6,12581,22760,6,14189,24310,6,14001,24426
773,6,12862,22736,6,12565,22728,6,14178,24288,6,13985,24396
774,5,12173,22170,5,12271,22144,5,13085,23251,5,13295,23351
775,4,12194,22224,4,12291,22194,4,13106,23300,4,13323,23396
776,6,12864,22740,6,12571,22740,6,14180,24292,6,13991,24408
777,6,12644,22488,6,12438,22476,6,13868,23934,6,13766,24030
778,5,12727,22604,5,12498,22600,5,13977,24071,5,13858,24193
779,4,12165,22192,4,12276,22162,4,13063,23252,4,13292,23346
780,4,12192,22340,4,12353,22310,4,13040,23332,4,13313,23436
781,4,12058,22072,4,12219,22042,4,12906,23064,4,13179,23168
782,4,12278,22392,4,12375,22362,4,13190,23468,4,13407,23562
783,4,12171,22178,4,12268,22148,4,13083,23254,4,13300,23348
784,4,12197,22256,4,12308,22226,4,13095,23316,4,13324,23410
785,6,12780,22572,6,12487,22572,6,14096,24124,6,13907,24238
786,6,12839,22594,6,12502,22604,6,14203,24198,6,13974,24332
787,5,12693,22698,5,12549,22702,5,13861,24075,5,13829,24207
788,4,12319,22274,4,12333,22262,4,13323,23450,4,13437,23550
789,4,11873,21702,4,12034,21672,4,12721,22694,4,12994,22798
790,6,12875,22762,6,12581,22760,6,14191,24314,6,14001,24428
791,4,12208,22252,4,12305,22222,4,13120,23328,4,13337,23424
792,5,12594,22500,5,12450,22504,5,13762,23877,5,13730,24009
793,6,12680,22560,6,12474,22548,6,13904,24006,6,13802,24102
794,6,12653,22506,6,12447,22494,6,13877,23954,6,13775,24048
795,4,12062,21986,4,12173,21956,4,12960,23046,4,13189,23140
796,4,11858,21672,4,12019,21642,4,12706,22664,4,12979,22768
797,6,12644,22488,6,12438,22476,6,13868,23936,6,13766,24030
798,5,12731,22612,5,12500,22604,5,13981,24079,5,13860,24197
799,6,12820,22556,6,12485,22570,6,14184,24160,6,13957,24298
800,4,12257,22350,4,12354,22320,4,13169,23426,4,13386,23522
801,6,12769,22550,6,12477,22552,6,14085,24102,6,13897,24218
802,6,12851,22714,6,12558,22714,6,14167,24266,6,13978,24380
803,6,12957,22926,6,12660,22918,6,14273,24478,6,14080,24586
804,4,12323,22482,4,12420,22452,4,13235,23558,4,13452,23652
805,6,12963,22938,6,12666,22930,6,14279,24490,6,14086,24598
806,4,12203,22362,4,12364,22332,4,13051,23354,4,13324,23458
807,6,12856,22628,6,12520,22640,6,14220,24232,6,13992,24368
808,6,12943,22898,6,12650,22898,6,14259,24450,6,14070,24566
809,4,12121,22104,4,12232,22074,4,13019,23166,4,13248,23258
810,4,12211,22284,4,12322,22254,4,13109,23344,4,13338,23438
811,6,12856,22724,6,12563,22724,6,14172,24276,6,13983,24390
812,6,12854,22720,6,12563,22724,6,14170,24272,6,13983,24392
813,6,12872,22756,6,12575,22748,6,14188,24308,6,13995,24414
814,5,12764,22678,5,12537,22678,5,14014,24145,5,13897,24271
815,4,12183,22228,4,12294,22198,4,13081,23290,4,13310,23382
816,4,12315,22466,4,12412,22436,4,13227,23542,4,13444,23636
817,5,12550,22412,5,12406,22416,5,13718,23789,5,13686,23921
818,5,12851,22852,5,12622,22848,5,14101,24319,5,13982,24441
819,6,12803,22806,6,12597,22794,6,14027,24254,6,13925,24348
820,5,12679,22670,5,12535,22674,5,13847,24047,5,13815,24179
821,4,12266,22368,4,12363,22338,4,13178,23444,4,13395,23538
822,6,12679,22558,6,12473,22546,6,13903,24004,6,13801,24100
823,6,12778,22756,6,12572,22744,6,14002,24204,6,13900,24298
824,4,11777,21510,4,11938,21480,4,12625,22502,4,12898,22606
825,6,12843,22698,6,12550,22698,6,14159,24250,6,13970,24364
826,4,12179,22220,4,12290,22190,4,13077,23280,4,13306,23374
827,6,12840,22692,6,12549,22696,6,14156,24244,6,13969,24364
828,4,12048,21958,4,12159,21928,4,12946,23018,4,13175,23112
829,6,12782,22764,6,12576,22752,6,14006,24212,6,13904,24306
830,4,12266,22368,4,12363,22338,4,13178,23444,4,13395,23538
831,6,12831,22674,6,12539,22676,6,14147,24226,6,13959,24344
832,5,12142,22108,5,12240,22082,5,13054,23189,5,13264,23289
833,6,12789,22778,6,12583,22766,6,14013,24226,6,13911,24320
834,4,11769,21494,4,11930,21464,4,12617,22486,4,12890,22590
835,6,12693,22586,6,12487,22574,6,13917,24034,6,13815,24128
836,6,12856,22628,6,12521,22642,6,14220,24232,6,13993,24370
837,6,12900,22716,6,12562,22724,6,14264,24320,6,14034,24452
838,4,12096,22054,4,12207,22024,4,12994,23116,4,13223,23208
839,4,12313,22462,4,12410,22432,4,13225,23538,4,13442,23632
840,5,12606,22524,5,12462,22528,5,13774,23901,5,13742,24033
841,4,12235,22106,4,12249,22094,4,13239,23282,4,13353,23382
842,4,12118,22098,4,12229,22068,4,13016,23160,4,13245,23252
843,5,12114,22052,5,12212,22026,5,13026,23133,5,13236,23233
844,6,12622,22444,6,12416,22432,6,13846,23890,6,13744,23986
845,4,12224,22084,4,12238,22072,4,13228,23260,4,13342,23360
846,5,12148,22120,5,12246,22094,5,13060,23201,5,13270,23301
847,6,12870,22752,6,12577,22752,6,14186,24304,6,13997,24418
848,4,12338,22512,4,12435,22482,4,13250,23588,4,13467,23684
849,5,12583,22478,5,12439,22482,5,13751,23855,5,13719,23987
850,5,12114,22052,5,12212,22026,5,13026,23133,5,13236,23233
851,6,12850,22712,6,12559,22716,6,14166,24264,6,13979,24384
852,6,12862,22736,6,12570,22738,6,14178,24288,6,13990,24406
853,6,12903,22722,6,12569,22738,6,14267,24326,6,14041,24466
854,4,12145,22246,4,12306,22216,4,12993,23238,4,13266,23342
855,6,12901,22814,6,12604,22806,6,14217,24366,6,14024,24472
856,6,12859,22730,6,12566,22730,6,14175,24282,6,13986,24396
857,4,12181,22198,4,12278,22168,4,13093,23274,4,13310,23368
858,4,12142,22146,4,12253,22116,4,13040,23208,4,13269,23300
859,6,12942,22800,6,12605,22810,6,14306,24404,6,14077,24538
860,4,12206,22248,4,12303,22218,4,13118,23324,4,13335,23418
861,4,12216,22268,4,12313,22238,4,13128,23344,4,13345,23440
862,6,12855,22722,6,12563,22724,6,14171,24274,6,13983,24390
863,4,12324,22484,4,12421,22454,4,13236,23560,4,13453,23654
864,6,12768,22736,6,12562,22724,6,13992,24182,6,13890,24278
865,4,11844,21644,4,12005,21614,4,12692,22636,4,12965,22740
866,5,12695,22702,5,12551,22706,5,13863,24079,5,13831,24211
867,6,12867,22746,6,12571,22740,6,14183,24298,6,13991,24408
868,6,12765,22730,6,12559,22718,6,13989,24178,6,13887,24272
869,6,12826,22664,6,12537,22672,6,14142,24216,6,13957,24338
870,5,12742,22634,5,12514,22632,5,13992,24101,5,13874,24225
871,5,12797,22744,5,12567,22738,5,14047,24211,5,13927,24331
872,4,12167,22196,4,12278,22166,4,13065,23256,4,13294,23350
873,5,12673,22658,5,12529,22662,5,13841,24035,5,13809,24167
874,5,12833,22816,5,12602,22808,5,14083,24283,5,13962,24401
875,6,12955,22922,6,12659,22916,6,14271,24474,6,14079,24584
876,4,12196,22228,4,12293,22198,4,13108,23304,4,13325,23400
877,4,12187,22236,4,12298,22206,4,13085,23298,4,13314,23390
878,4,12258,22352,4,12355,22322,4,13170,23428,4,13387,23522
879,4,12090,22136,4,12251,22106,4,12938,23128,4,13211,23232
880,6,12885,22686,6,12549,22698,6,14249,24290,6,14021,24426
881,4,12210,22256,4,12307,22226,4,13122,23332,4,13339,23426
882,4,12208,22278,4,12319,22248,4,13106,23338,4,13335,23432
883,4,12168,22198,4,12279,22168,4,13066,23258,4,13295,23352
884,6,12855,22910,6,12649,22898,6,14079,24356,6,13977,24452
885,4,12306,22248,4,12320,22236,4,13310,23424,4,13424,23524
886,4,12260,22356,4,12357,22326,4,13172,23432,4,13389,23528
887,5,12088,22000,5,12186,21974,5,13000,23081,5,13210,23181
888,6,12866,22744,6,12571,22740,6,14182,24296,6,13991,24408
889,4,12398,22632,4,12495,22602,4,13310,23708,4,13527,23802
890,4,12338,22512,4,12435,22482,4,13250,23588,4,13467,23682
891,6,12839,22690,6,12548,22694,6,14155,24242,6,13968,24362
892,6,12872,22756,6,12580,22758,6,14188,24308,6,14000,24424
893,4,12208,22278,4,12319,22248,4,13106,23338,4,13335,23432
894,6,12896,22804,6,12604,22806,6,14212,24356,6,14024,24472
895,6,12908,22828,6,12611,22820,6,14224,24380,6,14031,24486
896,5,12099,22022,5,12197,21996,5,13011,23103,5,13221,23203
897,4,11771,21498,4,11932,21468,4,12619,22490,4,12892,22594
898,4,12202,22266,4,12313,22236,4,13100,23328,4,13329,23420
899,6,12904,22820,6,12611,22820,6,14220,24372,6,14031,24486
900,6,12922,22760,6,12585,22770,6,14286,24364,6,14057,24498
901,5,12780,22710,5,12551,22706,5,14030,24177,5,13911,24299
902,6,12801,22802,6,12595,22790,6,14025,24250,6,13923,24344
903,6,12848,22708,6,12556,22710,6,14164,24260,6,13976,24378
904,5,12129,22082,5,12227,22056,5,13041,23163,5,13251,23263
905,4,12211,22284,4,12322,22254,4,13109,23344,4,13338,23438
906,6,12843,22698,6,12552,22702,6,14159,24250,6,13972,24370
907,6,12900,22716,6,12566,22732,6,14264,24320,6,14038,24460
908,6,12641,22482,6,12435,22470,6,13865,23930,6,13763,24024
909,4,12305,22446,4,12402,22416,4,13217,23522,4,13434,23616
910,6,12829,22574,6,12492,22584,6,14193,24178,6,13964,24312
911,6,12611,22422,6,12405,22410,6,13835,23870,6,13733,23964
912,6,12876,22764,6,12579,22756,6,14192,24316,6,13999,24424
913,5,12590,22492,5,12446,22496,5,13758,23869,5,13726,24001
914,6,12871,22754,6,12576,22750,6,14187,24306,6,13996,24418
915,6,12877,22670,6,12539,22678,6,14241,24274,6,14011,24406
916,6,12786,22584,6,12493,22584,6,14102,24136,6,13913,24250
917,6,12842,22696,6,12553,22704,6,14158,24248,6,13973,24370
918,4,12139,22140,4,12250,22110,4,13037,23200,4,13266,23294
919,4,12177,22310,4,12338,22280,4,13025,23302,4,13298,23406
920,6,12869,22750,6,12572,22742,6,14185,24302,6,13992,24410
921,6,12822,22560,6,12485,22570,6,14186,24164,6,13957,24298
922,6,12894,22800,6,12600,22798,6,14210,24352,6,14020,24464
923,5,12142,22108,5,12240,22082,5,13054,23189,5,13264,23289
924,5,11979,21782,5,12077,21756,5,12891,22863,5,13101,22963
925,6,12794,22788,6,12588,22776,6,14018,24236,6,13916,24330
926,6,12682,22564,6,12476,22552,6,13906,24012,6,13804,24106
927,6,12888,22788,6,12598,22794,6,14204,24340,6,14018,24462
928,4,12315,22266,4,12329,22254,4,13319,23442,4,13433,23542
929,5,12791,22732,5,12563,22730,5,14041,24199,5,13923,24323
930,4,12190,22326,4,12345,22296,4,13044,23328,4,13313,23432
931,6,12888,22788,6,12591,22780,6,14204,24340,6,14011,24446
932,6,12968,22852,6,12631,22862,6,14332,24456,6,14103,24590
933,6,12663,22526,6,12457,22514,6,13887,23972,6,13785,24068
934,5,12133,22090,5,12231,22064,5,13045,23171,5,13255,23271
935,6,12944,22804,6,12604,22808,6,14308,24408,6,14076,24536
936,4,12127,22210,4,12288,22180,4,12975,23202,4,13248,23306
937,6,12900,22716,6,12563,22726,6,14264,24320,6,14035,24454
938,4,12174,22184,4,12271,22154,4,13086,23260,4,13303,23356
939,5,12802,22754,5,12574,22752,5,14052,24221,5,13934,24345
940,4,12221,22078,4,12235,22066,4,13225,23254,4,13339,23354
941,6,12764,22728,6,12558,22716,6,13988,24174,6,13886,24270
942,4,12184,22230,4,12295,22200,4,13082,23290,4,13311,23384
943,4,12149,22254,4,12310,22224,4,12997,23246,4,13270,23350
944,6,12817,22646,6,12522,22642,6,14133,24198,6,13942,24308
945,6,12906,22728,6,12572,22744,6,14270,24332,6,14044,24472
946,4,12152,22166,4,12263,22136,4,13050,23228,4,13279,23320
947,6,12653,22506,6,12447,22494,6,13877,23954,6,13775,24048
948,6,12925,22766,6,12587,22774,6,14289,24370,6,14059,24502
949,4,12360,22556,4,12457,22526,4,13272,23632,4,13489,23726
950,4,12300,22436,4,12397,22406,4,13212,23512,4,13429,23606
951,4,12200,22262,4,12311,22232,4,13098,23322,4,13327,23416
952,5,12585,22482,5,12441,22486,5,13753,23859,5,13721,23991
953,5,12592,22496,5,12448,22500,5,13760,23873,5,13728,24005
954,6,12909,22830,6,12616,22830,6,14225,24382,6,14036,24498
955,4,12220,22076,4,12234,22064,4,13224,23252,4,13338,23352
956,5,12830,22810,5,12600,22804,5,14080,24277,5,13960,24397
957,6,12763,22726,6,12557,22714,6,13987,24172,6,13885,24268
958,4,12166,22168,4,12263,22138,4,13078,23244,4,13295,23338
959,5,12795,22740,5,12566,22736,5,14045,24207,5,13926,24329
960,6,12831,22674,6,12539,22676,6,14147,24226,6,13959,24342
961,6,12706,22612,6,12500,22600,6,13930,24060,6,13828,24154
962,5,11997,21818,5,12095,21792,5,12909,22899,5,13119,22999
963,5,12131,22086,5,12229,22060,5,13043,23167,5,13253,23267
964,6,12946,22904,6,12649,22896,6,14262,24456,6,14069,24564
965,4,12172,22206,4,12283,22176,4,13070,23266,4,13299,23360
966,4,12177,22310,4,12338,22280,4,13025,23302,4,13298,23406
967,6,12856,22628,6,12516,22632,6,14220,24232,6,13988,24360
968,6,12933,22878,6,12636,22870,6,14249,24430,6,14056,24536
969,5,12779,22708,5,12548,22700,5,14029,24175,5,13908,24293
970,4,12175,22212,4,12286,22182,4,13073,23274,4,13302,23366
971,4,12390,22616,4,12487,22586,4,13302,23692,4,13519,23788
972,5,11977,21778,5,12075,21752,5,12889,22859,5,13099,22959
973,6,12931,22874,6,12634,22866,6,14247,24426,6,14054,24534
974,5,12796,22742,5,12565,22734,5,14046,24209,5,13925,24327
975,4,12131,22218,4,12292,22188,4,12979,23210,4,13252,23314
976,4,12318,22472,4,12415,22442,4,13230,23548,4,13447,23642
977,4,12228,22412,4,12389,22382,4,13076,23404,4,13349,23508
978,4,12338,22512,4,12435,22482,4,13250,23588,4,13467,23684
979,6,12842,22600,6,12509,22618,6,14206,24204,6,13981,24346
980,4,12207,22360,4,12362,22330,4,13061,23362,4,13330,23466
981,5,12761,22672,5,12533,22670,5,14011,24139,5,13893,24263
982,5,12531,22374,5,12387,22378,5,13699,23751,5,13667,23883
983,4,12137,22136,4,12248,22106,4,13035,23198,4,13264,23290
984,4,12176,22214,4,12287,22184,4,13074,23274,4,13303,23368
985,4,12181,22198,4,12278,22168,4,13093,23274,4,13310,23370
986,4,12250,22336,4,12347,22306,4,13162,23412,4,13379,23508
987,4,12345,22526,4,12442,22496,4,13257,23602,4,13474,23698
988,5,12133,22090,5,12231,22064,5,13045,23171,5,13255,23271
989,5,12692,22696,5,12548,22700,5,13860,24073,5,13828,24205
990,6,12599,22398,6,12393,22386,6,13823,23844,6,13721,23940
991,6,12779,22570,6,12490,22578,6,14095,24122,6,13910,24244
992,6,12753,22706,6,12547,22694,6,13977,24154,6,13875,24248
993,4,12031,22008,4,12186,21978,4,12885,23010,4,13154,23114
994,4,12212,22286,4,12323,22256,4,13110,23348,4,13339,23440
995,4,12179,22220,4,12290,22190,4,13077,23282,4,13306,23374
996,4,12297,22430,4,12394,22400,4,13209,23506,4,13426,23600
997,4,12376,22588,4,12473,22558,4,13288,23664,4,13505,23758
998,6,12914,22744,6,12574,22748,6,14278,24348,6,14046,24476
999,6,12821,22654,6,12529,22656,6,14137,24206,6,13949,24322